<annotation>
	<folder>swtrash_ramps</folder>
	<filename>d11_sd_005_pm-5.40-nb.png</filename>
	<path>/home/wyu/src/gtf/roadway-litter/training_images/swtrash_ramps/d11_sd_005_pm-5.40-nb.png</path>
	<source>
		<database>Unknown</database>
	</source>
	<size>
		<width>650</width>
		<height>328</height>
		<depth>3</depth>
	</size>
	<segmented>0</segmented>
	<object>
		<name>trash</name>
		<pose>Unspecified</pose>
		<truncated>0</truncated>
		<difficult>0</difficult>
		<bndbox>
			<xmin>428</xmin>
			<ymin>160</ymin>
			<xmax>473</xmax>
			<ymax>195</ymax>
		</bndbox>
	</object>
</annotation>
