<annotation>
	<folder>swtrash_ramps</folder>
	<filename>d11_sd_005_pm-3.10-nb.png</filename>
	<path>/home/wyu/src/gtf/roadway-litter/training_images/swtrash_ramps/d11_sd_005_pm-3.10-nb.png</path>
	<source>
		<database>Unknown</database>
	</source>
	<size>
		<width>762</width>
		<height>408</height>
		<depth>3</depth>
	</size>
	<segmented>0</segmented>
	<object>
		<name>trash</name>
		<pose>Unspecified</pose>
		<truncated>0</truncated>
		<difficult>0</difficult>
		<bndbox>
			<xmin>249</xmin>
			<ymin>160</ymin>
			<xmax>281</xmax>
			<ymax>182</ymax>
		</bndbox>
	</object>
	<object>
		<name>trash</name>
		<pose>Unspecified</pose>
		<truncated>0</truncated>
		<difficult>0</difficult>
		<bndbox>
			<xmin>326</xmin>
			<ymin>160</ymin>
			<xmax>358</xmax>
			<ymax>191</ymax>
		</bndbox>
	</object>
	<object>
		<name>trash</name>
		<pose>Unspecified</pose>
		<truncated>0</truncated>
		<difficult>0</difficult>
		<bndbox>
			<xmin>638</xmin>
			<ymin>317</ymin>
			<xmax>682</xmax>
			<ymax>348</ymax>
		</bndbox>
	</object>
	<object>
		<name>trash</name>
		<pose>Unspecified</pose>
		<truncated>0</truncated>
		<difficult>0</difficult>
		<bndbox>
			<xmin>700</xmin>
			<ymin>340</ymin>
			<xmax>738</xmax>
			<ymax>374</ymax>
		</bndbox>
	</object>
</annotation>
