<annotation>
	<folder>swtrash_ramps</folder>
	<filename>d4_ala_880_pm-27.7-nb.3.png</filename>
	<path>/home/wyu/src/gtf/roadway-litter/training_images/swtrash_ramps/d4_ala_880_pm-27.7-nb.3.png</path>
	<source>
		<database>Unknown</database>
	</source>
	<size>
		<width>608</width>
		<height>286</height>
		<depth>3</depth>
	</size>
	<segmented>0</segmented>
	<object>
		<name>trash</name>
		<pose>Unspecified</pose>
		<truncated>0</truncated>
		<difficult>0</difficult>
		<bndbox>
			<xmin>484</xmin>
			<ymin>149</ymin>
			<xmax>583</xmax>
			<ymax>192</ymax>
		</bndbox>
	</object>
	<object>
		<name>trash</name>
		<pose>Unspecified</pose>
		<truncated>0</truncated>
		<difficult>0</difficult>
		<bndbox>
			<xmin>347</xmin>
			<ymin>149</ymin>
			<xmax>395</xmax>
			<ymax>177</ymax>
		</bndbox>
	</object>
	<object>
		<name>trash</name>
		<pose>Unspecified</pose>
		<truncated>0</truncated>
		<difficult>0</difficult>
		<bndbox>
			<xmin>355</xmin>
			<ymin>119</ymin>
			<xmax>384</xmax>
			<ymax>144</ymax>
		</bndbox>
	</object>
	<object>
		<name>trash</name>
		<pose>Unspecified</pose>
		<truncated>0</truncated>
		<difficult>0</difficult>
		<bndbox>
			<xmin>273</xmin>
			<ymin>110</ymin>
			<xmax>300</xmax>
			<ymax>130</ymax>
		</bndbox>
	</object>
</annotation>
