<annotation>
	<folder>swtrash_ramps</folder>
	<filename>d4_ala_880_pm-29.8-sb.2.png</filename>
	<path>/home/wyu/src/gtf/roadway-litter/training_images/swtrash_ramps/d4_ala_880_pm-29.8-sb.2.png</path>
	<source>
		<database>Unknown</database>
	</source>
	<size>
		<width>237</width>
		<height>177</height>
		<depth>3</depth>
	</size>
	<segmented>0</segmented>
	<object>
		<name>trash</name>
		<pose>Unspecified</pose>
		<truncated>0</truncated>
		<difficult>0</difficult>
		<bndbox>
			<xmin>107</xmin>
			<ymin>87</ymin>
			<xmax>128</xmax>
			<ymax>98</ymax>
		</bndbox>
	</object>
	<object>
		<name>trash</name>
		<pose>Unspecified</pose>
		<truncated>0</truncated>
		<difficult>0</difficult>
		<bndbox>
			<xmin>136</xmin>
			<ymin>81</ymin>
			<xmax>160</xmax>
			<ymax>93</ymax>
		</bndbox>
	</object>
</annotation>
