<annotation>
	<folder>swtrash_highways</folder>
	<filename>d4_ala_880_pm-32.0-sb.1.png</filename>
	<path>/home/wyu/src/gtf/roadway-litter/training_images/swtrash_highways/d4_ala_880_pm-32.0-sb.1.png</path>
	<source>
		<database>Unknown</database>
	</source>
	<size>
		<width>657</width>
		<height>180</height>
		<depth>3</depth>
	</size>
	<segmented>0</segmented>
	<object>
		<name>trash</name>
		<pose>Unspecified</pose>
		<truncated>0</truncated>
		<difficult>0</difficult>
		<bndbox>
			<xmin>21</xmin>
			<ymin>56</ymin>
			<xmax>48</xmax>
			<ymax>86</ymax>
		</bndbox>
	</object>
	<object>
		<name>trash</name>
		<pose>Unspecified</pose>
		<truncated>0</truncated>
		<difficult>0</difficult>
		<bndbox>
			<xmin>135</xmin>
			<ymin>85</ymin>
			<xmax>159</xmax>
			<ymax>106</ymax>
		</bndbox>
	</object>
	<object>
		<name>trash</name>
		<pose>Unspecified</pose>
		<truncated>0</truncated>
		<difficult>0</difficult>
		<bndbox>
			<xmin>479</xmin>
			<ymin>44</ymin>
			<xmax>505</xmax>
			<ymax>71</ymax>
		</bndbox>
	</object>
	<object>
		<name>trash</name>
		<pose>Unspecified</pose>
		<truncated>0</truncated>
		<difficult>0</difficult>
		<bndbox>
			<xmin>608</xmin>
			<ymin>44</ymin>
			<xmax>642</xmax>
			<ymax>72</ymax>
		</bndbox>
	</object>
</annotation>
