<annotation>
	<folder>swtrash_ramps</folder>
	<filename>d4_ala_880_pm-26.6-nb.1.png</filename>
	<path>/home/wyu/src/gtf/roadway-litter/training_images/swtrash_ramps/d4_ala_880_pm-26.6-nb.1.png</path>
	<source>
		<database>Unknown</database>
	</source>
	<size>
		<width>722</width>
		<height>379</height>
		<depth>3</depth>
	</size>
	<segmented>0</segmented>
	<object>
		<name>trash</name>
		<pose>Unspecified</pose>
		<truncated>0</truncated>
		<difficult>0</difficult>
		<bndbox>
			<xmin>476</xmin>
			<ymin>237</ymin>
			<xmax>545</xmax>
			<ymax>280</ymax>
		</bndbox>
	</object>
	<object>
		<name>trash</name>
		<pose>Unspecified</pose>
		<truncated>0</truncated>
		<difficult>0</difficult>
		<bndbox>
			<xmin>106</xmin>
			<ymin>51</ymin>
			<xmax>152</xmax>
			<ymax>82</ymax>
		</bndbox>
	</object>
</annotation>
