<annotation>
	<folder>swtrash_ramps</folder>
	<filename>d4_ala_880_pm-31.09-nb.3.png</filename>
	<path>/home/wyu/src/gtf/roadway-litter/training_images/swtrash_ramps/d4_ala_880_pm-31.09-nb.3.png</path>
	<source>
		<database>Unknown</database>
	</source>
	<size>
		<width>839</width>
		<height>337</height>
		<depth>3</depth>
	</size>
	<segmented>0</segmented>
	<object>
		<name>trash</name>
		<pose>Unspecified</pose>
		<truncated>0</truncated>
		<difficult>0</difficult>
		<bndbox>
			<xmin>565</xmin>
			<ymin>189</ymin>
			<xmax>679</xmax>
			<ymax>243</ymax>
		</bndbox>
	</object>
	<object>
		<name>trash</name>
		<pose>Unspecified</pose>
		<truncated>0</truncated>
		<difficult>0</difficult>
		<bndbox>
			<xmin>260</xmin>
			<ymin>126</ymin>
			<xmax>313</xmax>
			<ymax>146</ymax>
		</bndbox>
	</object>
	<object>
		<name>trash</name>
		<pose>Unspecified</pose>
		<truncated>0</truncated>
		<difficult>0</difficult>
		<bndbox>
			<xmin>334</xmin>
			<ymin>151</ymin>
			<xmax>380</xmax>
			<ymax>186</ymax>
		</bndbox>
	</object>
	<object>
		<name>trash</name>
		<pose>Unspecified</pose>
		<truncated>0</truncated>
		<difficult>0</difficult>
		<bndbox>
			<xmin>492</xmin>
			<ymin>167</ymin>
			<xmax>530</xmax>
			<ymax>197</ymax>
		</bndbox>
	</object>
</annotation>
