<annotation>
	<folder>swtrash_ramps</folder>
	<filename>d4_ala_880_pm-31.23-nb.4.png</filename>
	<path>/home/wyu/src/gtf/roadway-litter/training_images/swtrash_ramps/d4_ala_880_pm-31.23-nb.4.png</path>
	<source>
		<database>Unknown</database>
	</source>
	<size>
		<width>399</width>
		<height>421</height>
		<depth>3</depth>
	</size>
	<segmented>0</segmented>
	<object>
		<name>trash</name>
		<pose>Unspecified</pose>
		<truncated>0</truncated>
		<difficult>0</difficult>
		<bndbox>
			<xmin>27</xmin>
			<ymin>329</ymin>
			<xmax>108</xmax>
			<ymax>381</ymax>
		</bndbox>
	</object>
	<object>
		<name>trash</name>
		<pose>Unspecified</pose>
		<truncated>0</truncated>
		<difficult>0</difficult>
		<bndbox>
			<xmin>92</xmin>
			<ymin>281</ymin>
			<xmax>158</xmax>
			<ymax>327</ymax>
		</bndbox>
	</object>
	<object>
		<name>trash</name>
		<pose>Unspecified</pose>
		<truncated>0</truncated>
		<difficult>0</difficult>
		<bndbox>
			<xmin>193</xmin>
			<ymin>190</ymin>
			<xmax>249</xmax>
			<ymax>216</ymax>
		</bndbox>
	</object>
</annotation>
