<annotation>
	<folder>swtrash_ramps</folder>
	<filename>d4_ala_880_pm-27.7-nb.2.png</filename>
	<path>/home/wyu/src/gtf/roadway-litter/training_images/swtrash_ramps/d4_ala_880_pm-27.7-nb.2.png</path>
	<source>
		<database>Unknown</database>
	</source>
	<size>
		<width>329</width>
		<height>220</height>
		<depth>3</depth>
	</size>
	<segmented>0</segmented>
	<object>
		<name>trash</name>
		<pose>Unspecified</pose>
		<truncated>0</truncated>
		<difficult>0</difficult>
		<bndbox>
			<xmin>167</xmin>
			<ymin>92</ymin>
			<xmax>204</xmax>
			<ymax>108</ymax>
		</bndbox>
	</object>
	<object>
		<name>trash</name>
		<pose>Unspecified</pose>
		<truncated>0</truncated>
		<difficult>0</difficult>
		<bndbox>
			<xmin>208</xmin>
			<ymin>74</ymin>
			<xmax>237</xmax>
			<ymax>92</ymax>
		</bndbox>
	</object>
	<object>
		<name>trash</name>
		<pose>Unspecified</pose>
		<truncated>0</truncated>
		<difficult>0</difficult>
		<bndbox>
			<xmin>219</xmin>
			<ymin>45</ymin>
			<xmax>251</xmax>
			<ymax>67</ymax>
		</bndbox>
	</object>
</annotation>
