<annotation>
	<folder>swtrash_ramps</folder>
	<filename>d4_ala_880_pm-31.09-sb.1.png</filename>
	<path>/home/wyu/src/gtf/roadway-litter/training_images/swtrash_ramps/d4_ala_880_pm-31.09-sb.1.png</path>
	<source>
		<database>Unknown</database>
	</source>
	<size>
		<width>788</width>
		<height>372</height>
		<depth>3</depth>
	</size>
	<segmented>0</segmented>
	<object>
		<name>trash</name>
		<pose>Unspecified</pose>
		<truncated>0</truncated>
		<difficult>0</difficult>
		<bndbox>
			<xmin>712</xmin>
			<ymin>237</ymin>
			<xmax>779</xmax>
			<ymax>272</ymax>
		</bndbox>
	</object>
	<object>
		<name>trash</name>
		<pose>Unspecified</pose>
		<truncated>0</truncated>
		<difficult>0</difficult>
		<bndbox>
			<xmin>205</xmin>
			<ymin>134</ymin>
			<xmax>253</xmax>
			<ymax>161</ymax>
		</bndbox>
	</object>
	<object>
		<name>trash</name>
		<pose>Unspecified</pose>
		<truncated>0</truncated>
		<difficult>0</difficult>
		<bndbox>
			<xmin>150</xmin>
			<ymin>80</ymin>
			<xmax>188</xmax>
			<ymax>106</ymax>
		</bndbox>
	</object>
	<object>
		<name>trash</name>
		<pose>Unspecified</pose>
		<truncated>0</truncated>
		<difficult>0</difficult>
		<bndbox>
			<xmin>293</xmin>
			<ymin>269</ymin>
			<xmax>330</xmax>
			<ymax>303</ymax>
		</bndbox>
	</object>
</annotation>
