<annotation>
	<folder>swtrash_ramps</folder>
	<filename>d4_ala_880_pm-31.09-nb.4.png</filename>
	<path>/home/wyu/src/gtf/roadway-litter/training_images/swtrash_ramps/d4_ala_880_pm-31.09-nb.4.png</path>
	<source>
		<database>Unknown</database>
	</source>
	<size>
		<width>553</width>
		<height>375</height>
		<depth>3</depth>
	</size>
	<segmented>0</segmented>
	<object>
		<name>trash</name>
		<pose>Unspecified</pose>
		<truncated>0</truncated>
		<difficult>0</difficult>
		<bndbox>
			<xmin>103</xmin>
			<ymin>265</ymin>
			<xmax>180</xmax>
			<ymax>305</ymax>
		</bndbox>
	</object>
	<object>
		<name>trash</name>
		<pose>Unspecified</pose>
		<truncated>0</truncated>
		<difficult>0</difficult>
		<bndbox>
			<xmin>248</xmin>
			<ymin>203</ymin>
			<xmax>298</xmax>
			<ymax>230</ymax>
		</bndbox>
	</object>
	<object>
		<name>trash</name>
		<pose>Unspecified</pose>
		<truncated>0</truncated>
		<difficult>0</difficult>
		<bndbox>
			<xmin>379</xmin>
			<ymin>138</ymin>
			<xmax>402</xmax>
			<ymax>156</ymax>
		</bndbox>
	</object>
	<object>
		<name>trash</name>
		<pose>Unspecified</pose>
		<truncated>0</truncated>
		<difficult>0</difficult>
		<bndbox>
			<xmin>430</xmin>
			<ymin>108</ymin>
			<xmax>461</xmax>
			<ymax>132</ymax>
		</bndbox>
	</object>
</annotation>
