<annotation>
	<folder>swtrash_ramps</folder>
	<filename>d4_ala_880_pm-31.09-nb.2.png</filename>
	<path>/home/wyu/src/gtf/roadway-litter/training_images/swtrash_ramps/d4_ala_880_pm-31.09-nb.2.png</path>
	<source>
		<database>Unknown</database>
	</source>
	<size>
		<width>477</width>
		<height>363</height>
		<depth>3</depth>
	</size>
	<segmented>0</segmented>
	<object>
		<name>trash</name>
		<pose>Unspecified</pose>
		<truncated>0</truncated>
		<difficult>0</difficult>
		<bndbox>
			<xmin>151</xmin>
			<ymin>211</ymin>
			<xmax>189</xmax>
			<ymax>241</ymax>
		</bndbox>
	</object>
	<object>
		<name>trash</name>
		<pose>Unspecified</pose>
		<truncated>0</truncated>
		<difficult>0</difficult>
		<bndbox>
			<xmin>251</xmin>
			<ymin>171</ymin>
			<xmax>304</xmax>
			<ymax>200</ymax>
		</bndbox>
	</object>
</annotation>
