<annotation>
	<folder>swtrash_ramps</folder>
	<filename>d4_ala_880_pm-28.9-sb.1.png</filename>
	<path>/home/wyu/src/gtf/roadway-litter/training_images/swtrash_ramps/d4_ala_880_pm-28.9-sb.1.png</path>
	<source>
		<database>Unknown</database>
	</source>
	<size>
		<width>390</width>
		<height>501</height>
		<depth>3</depth>
	</size>
	<segmented>0</segmented>
	<object>
		<name>trash</name>
		<pose>Unspecified</pose>
		<truncated>0</truncated>
		<difficult>0</difficult>
		<bndbox>
			<xmin>48</xmin>
			<ymin>255</ymin>
			<xmax>86</xmax>
			<ymax>283</ymax>
		</bndbox>
	</object>
	<object>
		<name>trash</name>
		<pose>Unspecified</pose>
		<truncated>0</truncated>
		<difficult>0</difficult>
		<bndbox>
			<xmin>28</xmin>
			<ymin>157</ymin>
			<xmax>63</xmax>
			<ymax>184</ymax>
		</bndbox>
	</object>
	<object>
		<name>trash</name>
		<pose>Unspecified</pose>
		<truncated>0</truncated>
		<difficult>0</difficult>
		<bndbox>
			<xmin>50</xmin>
			<ymin>122</ymin>
			<xmax>75</xmax>
			<ymax>148</ymax>
		</bndbox>
	</object>
</annotation>
