<annotation>
	<folder>swtrash_ramps</folder>
	<filename>d4_ala_880_pm-28.7-sb.1.png</filename>
	<path>/home/wyu/src/gtf/roadway-litter/training_images/swtrash_ramps/d4_ala_880_pm-28.7-sb.1.png</path>
	<source>
		<database>Unknown</database>
	</source>
	<size>
		<width>618</width>
		<height>273</height>
		<depth>3</depth>
	</size>
	<segmented>0</segmented>
	<object>
		<name>trash</name>
		<pose>Unspecified</pose>
		<truncated>0</truncated>
		<difficult>0</difficult>
		<bndbox>
			<xmin>503</xmin>
			<ymin>71</ymin>
			<xmax>547</xmax>
			<ymax>93</ymax>
		</bndbox>
	</object>
	<object>
		<name>trash</name>
		<pose>Unspecified</pose>
		<truncated>0</truncated>
		<difficult>0</difficult>
		<bndbox>
			<xmin>552</xmin>
			<ymin>45</ymin>
			<xmax>574</xmax>
			<ymax>68</ymax>
		</bndbox>
	</object>
</annotation>
