<annotation>
	<folder>swtrash_ramps</folder>
	<filename>d4_ala_880_pm-31.09-sb.2.png</filename>
	<path>/home/wyu/src/gtf/roadway-litter/training_images/swtrash_ramps/d4_ala_880_pm-31.09-sb.2.png</path>
	<source>
		<database>Unknown</database>
	</source>
	<size>
		<width>518</width>
		<height>345</height>
		<depth>3</depth>
	</size>
	<segmented>0</segmented>
	<object>
		<name>trash</name>
		<pose>Unspecified</pose>
		<truncated>0</truncated>
		<difficult>0</difficult>
		<bndbox>
			<xmin>105</xmin>
			<ymin>106</ymin>
			<xmax>148</xmax>
			<ymax>129</ymax>
		</bndbox>
	</object>
	<object>
		<name>trash</name>
		<pose>Unspecified</pose>
		<truncated>0</truncated>
		<difficult>0</difficult>
		<bndbox>
			<xmin>191</xmin>
			<ymin>129</ymin>
			<xmax>217</xmax>
			<ymax>153</ymax>
		</bndbox>
	</object>
	<object>
		<name>trash</name>
		<pose>Unspecified</pose>
		<truncated>0</truncated>
		<difficult>0</difficult>
		<bndbox>
			<xmin>324</xmin>
			<ymin>238</ymin>
			<xmax>347</xmax>
			<ymax>261</ymax>
		</bndbox>
	</object>
</annotation>
