<annotation>
	<folder>swtrash_ramps</folder>
	<filename>d4_ala_880_pm-31.23-nb.1.png</filename>
	<path>/home/wyu/src/gtf/roadway-litter/training_images/swtrash_ramps/d4_ala_880_pm-31.23-nb.1.png</path>
	<source>
		<database>Unknown</database>
	</source>
	<size>
		<width>695</width>
		<height>254</height>
		<depth>3</depth>
	</size>
	<segmented>0</segmented>
	<object>
		<name>trash</name>
		<pose>Unspecified</pose>
		<truncated>0</truncated>
		<difficult>0</difficult>
		<bndbox>
			<xmin>47</xmin>
			<ymin>30</ymin>
			<xmax>108</xmax>
			<ymax>72</ymax>
		</bndbox>
	</object>
	<object>
		<name>trash</name>
		<pose>Unspecified</pose>
		<truncated>0</truncated>
		<difficult>0</difficult>
		<bndbox>
			<xmin>159</xmin>
			<ymin>75</ymin>
			<xmax>280</xmax>
			<ymax>120</ymax>
		</bndbox>
	</object>
	<object>
		<name>trash</name>
		<pose>Unspecified</pose>
		<truncated>0</truncated>
		<difficult>0</difficult>
		<bndbox>
			<xmin>317</xmin>
			<ymin>99</ymin>
			<xmax>443</xmax>
			<ymax>151</ymax>
		</bndbox>
	</object>
	<object>
		<name>trash</name>
		<pose>Unspecified</pose>
		<truncated>0</truncated>
		<difficult>0</difficult>
		<bndbox>
			<xmin>597</xmin>
			<ymin>130</ymin>
			<xmax>669</xmax>
			<ymax>160</ymax>
		</bndbox>
	</object>
	<object>
		<name>trash</name>
		<pose>Unspecified</pose>
		<truncated>0</truncated>
		<difficult>0</difficult>
		<bndbox>
			<xmin>547</xmin>
			<ymin>168</ymin>
			<xmax>636</xmax>
			<ymax>194</ymax>
		</bndbox>
	</object>
</annotation>
