<annotation>
	<folder>swtrash_ramps</folder>
	<filename>d4_ala_880_pm-31.23-nb.2.png</filename>
	<path>/home/wyu/src/gtf/roadway-litter/training_images/swtrash_ramps/d4_ala_880_pm-31.23-nb.2.png</path>
	<source>
		<database>Unknown</database>
	</source>
	<size>
		<width>756</width>
		<height>303</height>
		<depth>3</depth>
	</size>
	<segmented>0</segmented>
	<object>
		<name>trash</name>
		<pose>Unspecified</pose>
		<truncated>0</truncated>
		<difficult>0</difficult>
		<bndbox>
			<xmin>85</xmin>
			<ymin>56</ymin>
			<xmax>131</xmax>
			<ymax>89</ymax>
		</bndbox>
	</object>
	<object>
		<name>trash</name>
		<pose>Unspecified</pose>
		<truncated>0</truncated>
		<difficult>0</difficult>
		<bndbox>
			<xmin>360</xmin>
			<ymin>143</ymin>
			<xmax>417</xmax>
			<ymax>196</ymax>
		</bndbox>
	</object>
	<object>
		<name>trash</name>
		<pose>Unspecified</pose>
		<truncated>0</truncated>
		<difficult>0</difficult>
		<bndbox>
			<xmin>626</xmin>
			<ymin>202</ymin>
			<xmax>682</xmax>
			<ymax>230</ymax>
		</bndbox>
	</object>
	<object>
		<name>trash</name>
		<pose>Unspecified</pose>
		<truncated>0</truncated>
		<difficult>0</difficult>
		<bndbox>
			<xmin>483</xmin>
			<ymin>114</ymin>
			<xmax>539</xmax>
			<ymax>149</ymax>
		</bndbox>
	</object>
</annotation>
