<annotation>
	<folder>swtrash_ramps</folder>
	<filename>d4_ala_880_pm-27.7-nb.1.png</filename>
	<path>/home/wyu/src/gtf/roadway-litter/training_images/swtrash_ramps/d4_ala_880_pm-27.7-nb.1.png</path>
	<source>
		<database>Unknown</database>
	</source>
	<size>
		<width>569</width>
		<height>342</height>
		<depth>3</depth>
	</size>
	<segmented>0</segmented>
	<object>
		<name>trash</name>
		<pose>Unspecified</pose>
		<truncated>0</truncated>
		<difficult>0</difficult>
		<bndbox>
			<xmin>68</xmin>
			<ymin>45</ymin>
			<xmax>112</xmax>
			<ymax>64</ymax>
		</bndbox>
	</object>
	<object>
		<name>trash</name>
		<pose>Unspecified</pose>
		<truncated>0</truncated>
		<difficult>0</difficult>
		<bndbox>
			<xmin>156</xmin>
			<ymin>99</ymin>
			<xmax>215</xmax>
			<ymax>129</ymax>
		</bndbox>
	</object>
	<object>
		<name>trash</name>
		<pose>Unspecified</pose>
		<truncated>0</truncated>
		<difficult>0</difficult>
		<bndbox>
			<xmin>270</xmin>
			<ymin>182</ymin>
			<xmax>311</xmax>
			<ymax>211</ymax>
		</bndbox>
	</object>
	<object>
		<name>trash</name>
		<pose>Unspecified</pose>
		<truncated>0</truncated>
		<difficult>0</difficult>
		<bndbox>
			<xmin>451</xmin>
			<ymin>305</ymin>
			<xmax>497</xmax>
			<ymax>332</ymax>
		</bndbox>
	</object>
</annotation>
