<annotation>
	<folder>swtrash_ramps</folder>
	<filename>d4_ala_880_pm-26.6-nb.2.png</filename>
	<path>/home/wyu/src/gtf/roadway-litter/training_images/swtrash_ramps/d4_ala_880_pm-26.6-nb.2.png</path>
	<source>
		<database>Unknown</database>
	</source>
	<size>
		<width>587</width>
		<height>228</height>
		<depth>3</depth>
	</size>
	<segmented>0</segmented>
	<object>
		<name>trash</name>
		<pose>Unspecified</pose>
		<truncated>0</truncated>
		<difficult>0</difficult>
		<bndbox>
			<xmin>104</xmin>
			<ymin>62</ymin>
			<xmax>140</xmax>
			<ymax>84</ymax>
		</bndbox>
	</object>
	<object>
		<name>trash</name>
		<pose>Unspecified</pose>
		<truncated>0</truncated>
		<difficult>0</difficult>
		<bndbox>
			<xmin>446</xmin>
			<ymin>125</ymin>
			<xmax>482</xmax>
			<ymax>156</ymax>
		</bndbox>
	</object>
</annotation>
