<annotation>
	<folder>swtrash_ramps</folder>
	<filename>d4_ala_880_pm-27.7-sb.1.png</filename>
	<path>/home/wyu/src/gtf/roadway-litter/training_images/swtrash_ramps/d4_ala_880_pm-27.7-sb.1.png</path>
	<source>
		<database>Unknown</database>
	</source>
	<size>
		<width>1099</width>
		<height>312</height>
		<depth>3</depth>
	</size>
	<segmented>0</segmented>
	<object>
		<name>trash</name>
		<pose>Unspecified</pose>
		<truncated>0</truncated>
		<difficult>0</difficult>
		<bndbox>
			<xmin>495</xmin>
			<ymin>199</ymin>
			<xmax>549</xmax>
			<ymax>241</ymax>
		</bndbox>
	</object>
	<object>
		<name>trash</name>
		<pose>Unspecified</pose>
		<truncated>0</truncated>
		<difficult>0</difficult>
		<bndbox>
			<xmin>538</xmin>
			<ymin>133</ymin>
			<xmax>593</xmax>
			<ymax>169</ymax>
		</bndbox>
	</object>
</annotation>
