<annotation>
	<folder>swtrash_ramps</folder>
	<filename>d4_ala_880_pm-28.9-nb.1.png</filename>
	<path>/home/wyu/src/gtf/roadway-litter/training_images/swtrash_ramps/d4_ala_880_pm-28.9-nb.1.png</path>
	<source>
		<database>Unknown</database>
	</source>
	<size>
		<width>642</width>
		<height>552</height>
		<depth>3</depth>
	</size>
	<segmented>0</segmented>
	<object>
		<name>trash</name>
		<pose>Unspecified</pose>
		<truncated>0</truncated>
		<difficult>0</difficult>
		<bndbox>
			<xmin>251</xmin>
			<ymin>349</ymin>
			<xmax>282</xmax>
			<ymax>380</ymax>
		</bndbox>
	</object>
	<object>
		<name>trash</name>
		<pose>Unspecified</pose>
		<truncated>0</truncated>
		<difficult>0</difficult>
		<bndbox>
			<xmin>145</xmin>
			<ymin>239</ymin>
			<xmax>172</xmax>
			<ymax>265</ymax>
		</bndbox>
	</object>
	<object>
		<name>trash</name>
		<pose>Unspecified</pose>
		<truncated>0</truncated>
		<difficult>0</difficult>
		<bndbox>
			<xmin>100</xmin>
			<ymin>176</ymin>
			<xmax>135</xmax>
			<ymax>205</ymax>
		</bndbox>
	</object>
</annotation>
