<annotation>
	<folder>swtrash_ramps</folder>
	<filename>d4_cc_080_pm-2.00-eb.1.png</filename>
	<path>/home/wyu/src/gtf/roadway-litter/training_images/swtrash_ramps/d4_cc_080_pm-2.00-eb.1.png</path>
	<source>
		<database>Unknown</database>
	</source>
	<size>
		<width>887</width>
		<height>298</height>
		<depth>3</depth>
	</size>
	<segmented>0</segmented>
	<object>
		<name>trash</name>
		<pose>Unspecified</pose>
		<truncated>0</truncated>
		<difficult>0</difficult>
		<bndbox>
			<xmin>33</xmin>
			<ymin>236</ymin>
			<xmax>100</xmax>
			<ymax>272</ymax>
		</bndbox>
	</object>
	<object>
		<name>trash</name>
		<pose>Unspecified</pose>
		<truncated>0</truncated>
		<difficult>0</difficult>
		<bndbox>
			<xmin>258</xmin>
			<ymin>108</ymin>
			<xmax>324</xmax>
			<ymax>136</ymax>
		</bndbox>
	</object>
	<object>
		<name>trash</name>
		<pose>Unspecified</pose>
		<truncated>0</truncated>
		<difficult>0</difficult>
		<bndbox>
			<xmin>377</xmin>
			<ymin>100</ymin>
			<xmax>401</xmax>
			<ymax>124</ymax>
		</bndbox>
	</object>
</annotation>
