<annotation>
	<folder>swtrash_ramps</folder>
	<filename>d4_cc_080_pm-2.00-wb.1.png</filename>
	<path>/home/wyu/src/gtf/roadway-litter/training_images/swtrash_ramps/d4_cc_080_pm-2.00-wb.1.png</path>
	<source>
		<database>Unknown</database>
	</source>
	<size>
		<width>833</width>
		<height>293</height>
		<depth>3</depth>
	</size>
	<segmented>0</segmented>
	<object>
		<name>trash</name>
		<pose>Unspecified</pose>
		<truncated>0</truncated>
		<difficult>0</difficult>
		<bndbox>
			<xmin>166</xmin>
			<ymin>195</ymin>
			<xmax>293</xmax>
			<ymax>239</ymax>
		</bndbox>
	</object>
	<object>
		<name>trash</name>
		<pose>Unspecified</pose>
		<truncated>0</truncated>
		<difficult>0</difficult>
		<bndbox>
			<xmin>312</xmin>
			<ymin>159</ymin>
			<xmax>404</xmax>
			<ymax>202</ymax>
		</bndbox>
	</object>
	<object>
		<name>trash</name>
		<pose>Unspecified</pose>
		<truncated>0</truncated>
		<difficult>0</difficult>
		<bndbox>
			<xmin>211</xmin>
			<ymin>249</ymin>
			<xmax>250</xmax>
			<ymax>280</ymax>
		</bndbox>
	</object>
	<object>
		<name>trash</name>
		<pose>Unspecified</pose>
		<truncated>0</truncated>
		<difficult>0</difficult>
		<bndbox>
			<xmin>509</xmin>
			<ymin>111</ymin>
			<xmax>575</xmax>
			<ymax>143</ymax>
		</bndbox>
	</object>
</annotation>
