<annotation>
	<folder>swtrash_ramps</folder>
	<filename>d4_cc_080_pm-1.00-eb.1.png</filename>
	<path>/home/wyu/src/gtf/roadway-litter/training_images/swtrash_ramps/d4_cc_080_pm-1.00-eb.1.png</path>
	<source>
		<database>Unknown</database>
	</source>
	<size>
		<width>739</width>
		<height>314</height>
		<depth>3</depth>
	</size>
	<segmented>0</segmented>
	<object>
		<name>trash</name>
		<pose>Unspecified</pose>
		<truncated>0</truncated>
		<difficult>0</difficult>
		<bndbox>
			<xmin>135</xmin>
			<ymin>87</ymin>
			<xmax>186</xmax>
			<ymax>114</ymax>
		</bndbox>
	</object>
	<object>
		<name>trash</name>
		<pose>Unspecified</pose>
		<truncated>0</truncated>
		<difficult>0</difficult>
		<bndbox>
			<xmin>396</xmin>
			<ymin>266</ymin>
			<xmax>429</xmax>
			<ymax>294</ymax>
		</bndbox>
	</object>
</annotation>
