<annotation>
	<folder>swtrash_ramps</folder>
	<filename>d4_cc_080_pm-3.41-eb.1.png</filename>
	<path>/home/wyu/src/gtf/roadway-litter/training_images/swtrash_ramps/d4_cc_080_pm-3.41-eb.1.png</path>
	<source>
		<database>Unknown</database>
	</source>
	<size>
		<width>718</width>
		<height>361</height>
		<depth>3</depth>
	</size>
	<segmented>0</segmented>
	<object>
		<name>trash</name>
		<pose>Unspecified</pose>
		<truncated>0</truncated>
		<difficult>0</difficult>
		<bndbox>
			<xmin>551</xmin>
			<ymin>86</ymin>
			<xmax>580</xmax>
			<ymax>110</ymax>
		</bndbox>
	</object>
	<object>
		<name>trash</name>
		<pose>Unspecified</pose>
		<truncated>0</truncated>
		<difficult>0</difficult>
		<bndbox>
			<xmin>268</xmin>
			<ymin>123</ymin>
			<xmax>300</xmax>
			<ymax>151</ymax>
		</bndbox>
	</object>
	<object>
		<name>trash</name>
		<pose>Unspecified</pose>
		<truncated>0</truncated>
		<difficult>0</difficult>
		<bndbox>
			<xmin>201</xmin>
			<ymin>75</ymin>
			<xmax>224</xmax>
			<ymax>96</ymax>
		</bndbox>
	</object>
</annotation>
