<annotation>
	<folder>swtrash_ramps</folder>
	<filename>d4_cc_080_pm-1.67-eb.1.png</filename>
	<path>/home/wyu/src/gtf/roadway-litter/training_images/swtrash_ramps/d4_cc_080_pm-1.67-eb.1.png</path>
	<source>
		<database>Unknown</database>
	</source>
	<size>
		<width>585</width>
		<height>412</height>
		<depth>3</depth>
	</size>
	<segmented>0</segmented>
	<object>
		<name>trash</name>
		<pose>Unspecified</pose>
		<truncated>0</truncated>
		<difficult>0</difficult>
		<bndbox>
			<xmin>103</xmin>
			<ymin>301</ymin>
			<xmax>139</xmax>
			<ymax>326</ymax>
		</bndbox>
	</object>
	<object>
		<name>trash</name>
		<pose>Unspecified</pose>
		<truncated>0</truncated>
		<difficult>0</difficult>
		<bndbox>
			<xmin>195</xmin>
			<ymin>216</ymin>
			<xmax>224</xmax>
			<ymax>242</ymax>
		</bndbox>
	</object>
	<object>
		<name>trash</name>
		<pose>Unspecified</pose>
		<truncated>0</truncated>
		<difficult>0</difficult>
		<bndbox>
			<xmin>360</xmin>
			<ymin>115</ymin>
			<xmax>385</xmax>
			<ymax>139</ymax>
		</bndbox>
	</object>
	<object>
		<name>trash</name>
		<pose>Unspecified</pose>
		<truncated>0</truncated>
		<difficult>0</difficult>
		<bndbox>
			<xmin>435</xmin>
			<ymin>103</ymin>
			<xmax>460</xmax>
			<ymax>125</ymax>
		</bndbox>
	</object>
</annotation>
