<annotation>
	<folder>swtrash_highways</folder>
	<filename>d4_cc_080_pm-0.50-eb.png</filename>
	<path>/home/wyu/src/gtf/roadway-litter/training_images/swtrash_highways/d4_cc_080_pm-0.50-eb.png</path>
	<source>
		<database>Unknown</database>
	</source>
	<size>
		<width>582</width>
		<height>346</height>
		<depth>3</depth>
	</size>
	<segmented>0</segmented>
	<object>
		<name>trash</name>
		<pose>Unspecified</pose>
		<truncated>0</truncated>
		<difficult>0</difficult>
		<bndbox>
			<xmin>73</xmin>
			<ymin>34</ymin>
			<xmax>97</xmax>
			<ymax>51</ymax>
		</bndbox>
	</object>
	<object>
		<name>trash</name>
		<pose>Unspecified</pose>
		<truncated>0</truncated>
		<difficult>0</difficult>
		<bndbox>
			<xmin>318</xmin>
			<ymin>128</ymin>
			<xmax>361</xmax>
			<ymax>156</ymax>
		</bndbox>
	</object>
	<object>
		<name>trash</name>
		<pose>Unspecified</pose>
		<truncated>0</truncated>
		<difficult>0</difficult>
		<bndbox>
			<xmin>156</xmin>
			<ymin>58</ymin>
			<xmax>178</xmax>
			<ymax>75</ymax>
		</bndbox>
	</object>
	<object>
		<name>trash</name>
		<pose>Unspecified</pose>
		<truncated>0</truncated>
		<difficult>0</difficult>
		<bndbox>
			<xmin>337</xmin>
			<ymin>173</ymin>
			<xmax>362</xmax>
			<ymax>191</ymax>
		</bndbox>
	</object>
</annotation>
