<annotation>
	<folder>swtrash_ramps</folder>
	<filename>d4_cc_080_pm-2.92-wb.1.png</filename>
	<path>/home/wyu/src/gtf/roadway-litter/training_images/swtrash_ramps/d4_cc_080_pm-2.92-wb.1.png</path>
	<source>
		<database>Unknown</database>
	</source>
	<size>
		<width>619</width>
		<height>379</height>
		<depth>3</depth>
	</size>
	<segmented>0</segmented>
	<object>
		<name>trash</name>
		<pose>Unspecified</pose>
		<truncated>0</truncated>
		<difficult>0</difficult>
		<bndbox>
			<xmin>109</xmin>
			<ymin>82</ymin>
			<xmax>143</xmax>
			<ymax>101</ymax>
		</bndbox>
	</object>
	<object>
		<name>trash</name>
		<pose>Unspecified</pose>
		<truncated>0</truncated>
		<difficult>0</difficult>
		<bndbox>
			<xmin>410</xmin>
			<ymin>254</ymin>
			<xmax>469</xmax>
			<ymax>291</ymax>
		</bndbox>
	</object>
	<object>
		<name>trash</name>
		<pose>Unspecified</pose>
		<truncated>0</truncated>
		<difficult>0</difficult>
		<bndbox>
			<xmin>388</xmin>
			<ymin>186</ymin>
			<xmax>448</xmax>
			<ymax>247</ymax>
		</bndbox>
	</object>
	<object>
		<name>trash</name>
		<pose>Unspecified</pose>
		<truncated>0</truncated>
		<difficult>0</difficult>
		<bndbox>
			<xmin>492</xmin>
			<ymin>316</ymin>
			<xmax>526</xmax>
			<ymax>338</ymax>
		</bndbox>
	</object>
</annotation>
