<annotation>
	<folder>swtrash_ramps</folder>
	<filename>d4_cc_080_pm-1.67-eb.2.png</filename>
	<path>/home/wyu/src/gtf/roadway-litter/training_images/swtrash_ramps/d4_cc_080_pm-1.67-eb.2.png</path>
	<source>
		<database>Unknown</database>
	</source>
	<size>
		<width>536</width>
		<height>244</height>
		<depth>3</depth>
	</size>
	<segmented>0</segmented>
	<object>
		<name>trash</name>
		<pose>Unspecified</pose>
		<truncated>0</truncated>
		<difficult>0</difficult>
		<bndbox>
			<xmin>71</xmin>
			<ymin>175</ymin>
			<xmax>104</xmax>
			<ymax>206</ymax>
		</bndbox>
	</object>
	<object>
		<name>trash</name>
		<pose>Unspecified</pose>
		<truncated>0</truncated>
		<difficult>0</difficult>
		<bndbox>
			<xmin>193</xmin>
			<ymin>156</ymin>
			<xmax>220</xmax>
			<ymax>178</ymax>
		</bndbox>
	</object>
	<object>
		<name>trash</name>
		<pose>Unspecified</pose>
		<truncated>0</truncated>
		<difficult>0</difficult>
		<bndbox>
			<xmin>241</xmin>
			<ymin>148</ymin>
			<xmax>262</xmax>
			<ymax>163</ymax>
		</bndbox>
	</object>
</annotation>
