<annotation>
	<folder>swtrash_ramps</folder>
	<filename>d4_cc_080_pm-1.00-eb.5.png</filename>
	<path>/home/wyu/src/gtf/roadway-litter/training_images/swtrash_ramps/d4_cc_080_pm-1.00-eb.5.png</path>
	<source>
		<database>Unknown</database>
	</source>
	<size>
		<width>693</width>
		<height>391</height>
		<depth>3</depth>
	</size>
	<segmented>0</segmented>
	<object>
		<name>trash</name>
		<pose>Unspecified</pose>
		<truncated>0</truncated>
		<difficult>0</difficult>
		<bndbox>
			<xmin>173</xmin>
			<ymin>66</ymin>
			<xmax>202</xmax>
			<ymax>93</ymax>
		</bndbox>
	</object>
	<object>
		<name>trash</name>
		<pose>Unspecified</pose>
		<truncated>0</truncated>
		<difficult>0</difficult>
		<bndbox>
			<xmin>244</xmin>
			<ymin>92</ymin>
			<xmax>282</xmax>
			<ymax>125</ymax>
		</bndbox>
	</object>
	<object>
		<name>trash</name>
		<pose>Unspecified</pose>
		<truncated>0</truncated>
		<difficult>0</difficult>
		<bndbox>
			<xmin>416</xmin>
			<ymin>193</ymin>
			<xmax>482</xmax>
			<ymax>224</ymax>
		</bndbox>
	</object>
	<object>
		<name>trash</name>
		<pose>Unspecified</pose>
		<truncated>0</truncated>
		<difficult>0</difficult>
		<bndbox>
			<xmin>528</xmin>
			<ymin>227</ymin>
			<xmax>603</xmax>
			<ymax>266</ymax>
		</bndbox>
	</object>
</annotation>
