<annotation>
	<folder>swtrash_ramps</folder>
	<filename>d4_cc_080_pm-1.00-eb.3.png</filename>
	<path>/home/wyu/src/gtf/roadway-litter/training_images/swtrash_ramps/d4_cc_080_pm-1.00-eb.3.png</path>
	<source>
		<database>Unknown</database>
	</source>
	<size>
		<width>604</width>
		<height>257</height>
		<depth>3</depth>
	</size>
	<segmented>0</segmented>
	<object>
		<name>trash</name>
		<pose>Unspecified</pose>
		<truncated>0</truncated>
		<difficult>0</difficult>
		<bndbox>
			<xmin>18</xmin>
			<ymin>8</ymin>
			<xmax>42</xmax>
			<ymax>35</ymax>
		</bndbox>
	</object>
	<object>
		<name>trash</name>
		<pose>Unspecified</pose>
		<truncated>0</truncated>
		<difficult>0</difficult>
		<bndbox>
			<xmin>383</xmin>
			<ymin>135</ymin>
			<xmax>411</xmax>
			<ymax>152</ymax>
		</bndbox>
	</object>
	<object>
		<name>trash</name>
		<pose>Unspecified</pose>
		<truncated>0</truncated>
		<difficult>0</difficult>
		<bndbox>
			<xmin>216</xmin>
			<ymin>45</ymin>
			<xmax>235</xmax>
			<ymax>58</ymax>
		</bndbox>
	</object>
</annotation>
