<annotation>
	<folder>swtrash_ramps</folder>
	<filename>d4_cc_080_pm-2.96-eb.1.png</filename>
	<path>/home/wyu/src/gtf/roadway-litter/training_images/swtrash_ramps/d4_cc_080_pm-2.96-eb.1.png</path>
	<source>
		<database>Unknown</database>
	</source>
	<size>
		<width>489</width>
		<height>280</height>
		<depth>3</depth>
	</size>
	<segmented>0</segmented>
	<object>
		<name>trash</name>
		<pose>Unspecified</pose>
		<truncated>0</truncated>
		<difficult>0</difficult>
		<bndbox>
			<xmin>63</xmin>
			<ymin>212</ymin>
			<xmax>103</xmax>
			<ymax>237</ymax>
		</bndbox>
	</object>
	<object>
		<name>trash</name>
		<pose>Unspecified</pose>
		<truncated>0</truncated>
		<difficult>0</difficult>
		<bndbox>
			<xmin>129</xmin>
			<ymin>187</ymin>
			<xmax>154</xmax>
			<ymax>206</ymax>
		</bndbox>
	</object>
	<object>
		<name>trash</name>
		<pose>Unspecified</pose>
		<truncated>0</truncated>
		<difficult>0</difficult>
		<bndbox>
			<xmin>213</xmin>
			<ymin>183</ymin>
			<xmax>240</xmax>
			<ymax>203</ymax>
		</bndbox>
	</object>
</annotation>
