<annotation>
	<folder>swtrash_ramps</folder>
	<filename>d4_cc_080_pm-0.22-eb.3.png</filename>
	<path>/home/wyu/src/gtf/roadway-litter/training_images/swtrash_ramps/d4_cc_080_pm-0.22-eb.3.png</path>
	<source>
		<database>Unknown</database>
	</source>
	<size>
		<width>529</width>
		<height>277</height>
		<depth>3</depth>
	</size>
	<segmented>0</segmented>
	<object>
		<name>trash</name>
		<pose>Unspecified</pose>
		<truncated>0</truncated>
		<difficult>0</difficult>
		<bndbox>
			<xmin>74</xmin>
			<ymin>96</ymin>
			<xmax>123</xmax>
			<ymax>125</ymax>
		</bndbox>
	</object>
</annotation>
