<annotation>
	<folder>swtrash_ramps</folder>
	<filename>d4_cc_080_pm-0.22-eb.1.png</filename>
	<path>/home/wyu/src/gtf/roadway-litter/training_images/swtrash_ramps/d4_cc_080_pm-0.22-eb.1.png</path>
	<source>
		<database>Unknown</database>
	</source>
	<size>
		<width>774</width>
		<height>326</height>
		<depth>3</depth>
	</size>
	<segmented>0</segmented>
	<object>
		<name>trash</name>
		<pose>Unspecified</pose>
		<truncated>0</truncated>
		<difficult>0</difficult>
		<bndbox>
			<xmin>303</xmin>
			<ymin>112</ymin>
			<xmax>343</xmax>
			<ymax>137</ymax>
		</bndbox>
	</object>
	<object>
		<name>trash</name>
		<pose>Unspecified</pose>
		<truncated>0</truncated>
		<difficult>0</difficult>
		<bndbox>
			<xmin>272</xmin>
			<ymin>69</ymin>
			<xmax>307</xmax>
			<ymax>100</ymax>
		</bndbox>
	</object>
</annotation>
