<annotation>
	<folder>swtrash_ramps</folder>
	<filename>d4_cc_080_pm-2.62-eb.2.png</filename>
	<path>/home/wyu/src/gtf/roadway-litter/training_images/swtrash_ramps/d4_cc_080_pm-2.62-eb.2.png</path>
	<source>
		<database>Unknown</database>
	</source>
	<size>
		<width>462</width>
		<height>325</height>
		<depth>3</depth>
	</size>
	<segmented>0</segmented>
	<object>
		<name>trash</name>
		<pose>Unspecified</pose>
		<truncated>0</truncated>
		<difficult>0</difficult>
		<bndbox>
			<xmin>309</xmin>
			<ymin>185</ymin>
			<xmax>366</xmax>
			<ymax>235</ymax>
		</bndbox>
	</object>
	<object>
		<name>trash</name>
		<pose>Unspecified</pose>
		<truncated>0</truncated>
		<difficult>0</difficult>
		<bndbox>
			<xmin>240</xmin>
			<ymin>148</ymin>
			<xmax>280</xmax>
			<ymax>173</ymax>
		</bndbox>
	</object>
	<object>
		<name>trash</name>
		<pose>Unspecified</pose>
		<truncated>0</truncated>
		<difficult>0</difficult>
		<bndbox>
			<xmin>191</xmin>
			<ymin>109</ymin>
			<xmax>229</xmax>
			<ymax>129</ymax>
		</bndbox>
	</object>
</annotation>
