<annotation>
	<folder>swtrash_ramps</folder>
	<filename>d4_cc_080_pm-0.22-wb.1.png</filename>
	<path>/home/wyu/src/gtf/roadway-litter/training_images/swtrash_ramps/d4_cc_080_pm-0.22-wb.1.png</path>
	<source>
		<database>Unknown</database>
	</source>
	<size>
		<width>576</width>
		<height>361</height>
		<depth>3</depth>
	</size>
	<segmented>0</segmented>
	<object>
		<name>trash</name>
		<pose>Unspecified</pose>
		<truncated>0</truncated>
		<difficult>0</difficult>
		<bndbox>
			<xmin>44</xmin>
			<ymin>211</ymin>
			<xmax>102</xmax>
			<ymax>240</ymax>
		</bndbox>
	</object>
	<object>
		<name>trash</name>
		<pose>Unspecified</pose>
		<truncated>0</truncated>
		<difficult>0</difficult>
		<bndbox>
			<xmin>183</xmin>
			<ymin>227</ymin>
			<xmax>218</xmax>
			<ymax>254</ymax>
		</bndbox>
	</object>
	<object>
		<name>trash</name>
		<pose>Unspecified</pose>
		<truncated>0</truncated>
		<difficult>0</difficult>
		<bndbox>
			<xmin>304</xmin>
			<ymin>126</ymin>
			<xmax>335</xmax>
			<ymax>148</ymax>
		</bndbox>
	</object>
	<object>
		<name>trash</name>
		<pose>Unspecified</pose>
		<truncated>0</truncated>
		<difficult>0</difficult>
		<bndbox>
			<xmin>323</xmin>
			<ymin>95</ymin>
			<xmax>363</xmax>
			<ymax>122</ymax>
		</bndbox>
	</object>
</annotation>
