<annotation>
	<folder>swtrash_ramps</folder>
	<filename>d4_cc_080_pm-2.92-wb.3.png</filename>
	<path>/home/wyu/src/gtf/roadway-litter/training_images/swtrash_ramps/d4_cc_080_pm-2.92-wb.3.png</path>
	<source>
		<database>Unknown</database>
	</source>
	<size>
		<width>459</width>
		<height>294</height>
		<depth>3</depth>
	</size>
	<segmented>0</segmented>
	<object>
		<name>trash</name>
		<pose>Unspecified</pose>
		<truncated>0</truncated>
		<difficult>0</difficult>
		<bndbox>
			<xmin>319</xmin>
			<ymin>156</ymin>
			<xmax>350</xmax>
			<ymax>173</ymax>
		</bndbox>
	</object>
	<object>
		<name>trash</name>
		<pose>Unspecified</pose>
		<truncated>0</truncated>
		<difficult>0</difficult>
		<bndbox>
			<xmin>341</xmin>
			<ymin>128</ymin>
			<xmax>368</xmax>
			<ymax>147</ymax>
		</bndbox>
	</object>
	<object>
		<name>trash</name>
		<pose>Unspecified</pose>
		<truncated>0</truncated>
		<difficult>0</difficult>
		<bndbox>
			<xmin>121</xmin>
			<ymin>46</ymin>
			<xmax>168</xmax>
			<ymax>65</ymax>
		</bndbox>
	</object>
</annotation>
