<annotation>
	<folder>swtrash_ramps</folder>
	<filename>d4_cc_080_pm-0.22-eb.2.png</filename>
	<path>/home/wyu/src/gtf/roadway-litter/training_images/swtrash_ramps/d4_cc_080_pm-0.22-eb.2.png</path>
	<source>
		<database>Unknown</database>
	</source>
	<size>
		<width>733</width>
		<height>457</height>
		<depth>3</depth>
	</size>
	<segmented>0</segmented>
	<object>
		<name>trash</name>
		<pose>Unspecified</pose>
		<truncated>0</truncated>
		<difficult>0</difficult>
		<bndbox>
			<xmin>89</xmin>
			<ymin>400</ymin>
			<xmax>202</xmax>
			<ymax>443</ymax>
		</bndbox>
	</object>
	<object>
		<name>trash</name>
		<pose>Unspecified</pose>
		<truncated>0</truncated>
		<difficult>0</difficult>
		<bndbox>
			<xmin>475</xmin>
			<ymin>156</ymin>
			<xmax>511</xmax>
			<ymax>177</ymax>
		</bndbox>
	</object>
	<object>
		<name>trash</name>
		<pose>Unspecified</pose>
		<truncated>0</truncated>
		<difficult>0</difficult>
		<bndbox>
			<xmin>532</xmin>
			<ymin>122</ymin>
			<xmax>568</xmax>
			<ymax>143</ymax>
		</bndbox>
	</object>
	<object>
		<name>trash</name>
		<pose>Unspecified</pose>
		<truncated>0</truncated>
		<difficult>0</difficult>
		<bndbox>
			<xmin>532</xmin>
			<ymin>70</ymin>
			<xmax>562</xmax>
			<ymax>92</ymax>
		</bndbox>
	</object>
</annotation>
